Sno,Candidate,Constituency,Party,Total Expenses in election
1,DR. RAMSHANKAR,Agra,BJP,"Rs 10,68,822 ~ 10 Lacs+"
2,HARIN PATHAK,Ahmedabad East,BJP,"Rs 13,42,744 ~ 13 Lacs+"
3,KIRITBHAI PREMJIBHAI SOLANKI,Ahmedabad West,BJP,"Rs 14,53,464 ~ 14 Lacs+"
4,GANDHI DILIPKUMAR MANSUKHLAL,Ahmednagar,BJP,"Rs 12,07,490 ~ 12 Lacs+"
5,SACHIN PILOT,Ajmer,INC,"Rs 14,47,744 ~ 14 Lacs+"
6,RAJARAM PAL,Akbarpur,INC,"Rs 15,05,179 ~ 15 Lacs+"
7,K C Venugopal,Alappuzha,INC,"Rs 14,98,732 ~ 14 Lacs+"
8,P K Biju,Alathur,CPM,"Rs 9,48,886 ~ 9 Lacs+"
9,RAJ KUMARI CHAUHAN,Aligarh,BSP,"Rs 10,17,745 ~ 10 Lacs+"
10,Manohar Tirkey,Alipurduars,RSP,"Rs 12,44,623 ~ 12 Lacs+"
11,KUNWAR REWATI RAMAN SINGH ALIAS MANI JI,Allahabad,SP,"Rs 14,81,601 ~ 14 Lacs+"
12,PRADEEP TAMTA,Almora,INC,"Rs 19,41,954 ~ 19 Lacs+"
13,JITENDRA SINGH,Alwar,INC,"Rs 17,99,858 ~ 17 Lacs+"
14,SELJA,Ambala,INC,"Rs 17,24,028 ~ 17 Lacs+"
15,RAKESH PANDEY,Ambedkar Nagar,BSP,"Rs 12,98,878 ~ 12 Lacs+"
16,RAHUL GANDHI,Amethi,INC,"Rs 11,08,872 ~ 11 Lacs+"
17,ADSUL ANANDRAO VITHOBA,Amravati,SHS,"Rs 18,05,782 ~ 18 Lacs+"
18,NARANBHAI BHIKHABHAI KACHHADIYA,Amreli,BJP,"Rs 14,84,684 ~ 14 Lacs+"
19,NAVJOT SINGH SIDHU,Amritsar,BJP,"Rs 17,03,665 ~ 17 Lacs+"
20,DEVENDRA NAGPAL,Amroha,RLD,"Rs 10,91,688 ~ 10 Lacs+"
21,BHARATBHAI MADHAVSINH SOLANKI,Anand,INC,"Rs 14,99,541 ~ 14 Lacs+"
22,RAVNEET SINGH,Anandpur Sahib,INC,"Rs 1,75,024 ~ 1 Lacs+"
23,MIRZA MEHBOOB BEG,Anantnag,JKN,"Rs 24,46,102 ~ 24 Lacs+"
24,MANEKA GANDHI,Aonla,BJP,"Rs 10,83,303 ~ 10 Lacs+"
25,JAGATHRAKSHAKAN,Arakkonam,DMK,"Rs 10,02,688 ~ 10 Lacs+"
26,SAKTI MOHAN MALIK,Arambag,CPM,"Rs 6,16,350 ~ 6 Lacs+"
27,KRISHNASAMY M,Arani,INC,"Rs 17,41,985 ~ 17 Lacs+"
28,NINONG ERING,Arunachal East,INC,"Rs 8,89,725 ~ 8 Lacs+"
29,TAKAM SANJOY,Arunachal West,INC,"Rs 9,09,291 ~ 9 Lacs+"
30,BANSAGOPAL CHOWDHURY,Asansol,CPM,"Rs 14,69,929 ~ 14 Lacs+"
31,Nityananda Pradhan,Aska,BJD,"Rs 9,69,758 ~ 9 Lacs+"
32,Adv A Sampath,Attingal,CPM,"Rs 19,02,458 ~ 19 Lacs+"
33,CHANDRAKANT KHAIRE,Aurangabad,SHS,"Rs 6,68,346 ~ 6 Lacs+"
34,BIREN SINGH ENGTI,Autonomous District,INC,"Rs 20,47,950 ~ 20 Lacs+"
35,RAMAKANT YADAV,Azamgarh,BJP,"Rs 17,97,108 ~ 17 Lacs+"
36,DHARMENDRA YADAV,Badaun,SP,"Rs 18,10,281 ~ 18 Lacs+"
37,GADDIGOUDAR P C,Bagalkot,BJP,"Rs 10,02,049 ~ 10 Lacs+"
38,AJIT SINGH,Baghpat,RLD,"Rs 13,04,886 ~ 13 Lacs+"
39,ADHIR RANJAN CHOWDHURY,Baharampur,INC,"Rs 19,50,856 ~ 19 Lacs+"
40,KAMAL KISHOR,Bahraich,INC,"Rs 17,39,339 ~ 17 Lacs+"
41,K. D. DESHMUKH,Balaghat,BJP,"Rs 19,14,871 ~ 19 Lacs+"
42,Srikanta Kumar Jena,Balasore,INC,"Rs 11,94,085 ~ 11 Lacs+"
43,NEERAJ SHEKHAR,Ballia,SP,"Rs 17,07,194 ~ 17 Lacs+"
44,Prasanta Kumar Majumdar,Balurghat,RSP,"Rs 16,90,214 ~ 16 Lacs+"
45,MUKESH BHAIRAVDANJI GADHAVI,Banaskantha,INC,"Rs 9,17,508 ~ 9 Lacs+"
46,R. K. SINGH PATEL,Banda,SP,"Rs 16,31,812 ~ 16 Lacs+"
47,Ananth Kumar,Bangalore South,BJP,"Rs 12,96,549 ~ 12 Lacs+"
48,GOBINDA CHANDRA NASKAR,Bangaon,AITC,"Rs 23,74,160 ~ 23 Lacs+"
49,DIGVIJAY SINGH,Banka,IND,"Rs 15,55,817 ~ 15 Lacs+"
50,Acharia Basudeb,Bankura,CPM,"Rs 13,20,108 ~ 13 Lacs+"
51,KAMLESH PASWAN,Bansgaon,BJP,"Rs 15,46,486 ~ 15 Lacs+"
52,Tara chand,Banswara,INC,"Rs 17,01,740 ~ 17 Lacs+"
53,P.L.PUNIA,Barabanki,INC,"Rs 10,65,784 ~ 10 Lacs+"
54,SUPRIYA SULE,Baramati,NCP,"Rs 11,16,411 ~ 11 Lacs+"
55,SHARIEF UD DIN SHARIQ,Baramulla,JKN,"Rs 17,81,000 ~ 17 Lacs+"
56,KAKALI GHOSH DASTIDAR,Barasat,AITC,"Rs 19,32,569 ~ 19 Lacs+"
57,ANUP KUMAR SAHA,Bardhaman Purba,CPM,"Rs 12,49,177 ~ 12 Lacs+"
58,SK. SAIDUL HAQUE,Bardhaman-Durgapur,CPM,"Rs 15,52,329 ~ 15 Lacs+"
59,TUSHARBHAI AMARSINHBHAI CHAUDHARY,Bardoli,INC,"Rs 17,77,600 ~ 17 Lacs+"
60,PRAVEEN SINGH ARON,Bareilly,INC,"Rs 11,31,425 ~ 11 Lacs+"
61,Sanjay Bhoi,Bargarh,INC,"Rs 6,73,444 ~ 6 Lacs+"
62,Harish choudhary,Barmer,INC,"Rs 16,29,533 ~ 16 Lacs+"
63,ISMAIL HUSSAIN,Barpeta,INC,"Rs 19,70,626 ~ 19 Lacs+"
64,DINESH TRIVEDI,Barrackpur,AITC,"Rs 13,01,967 ~ 13 Lacs+"
65,SK. NURUL ISLAM,Basirhat,AITC,"Rs 17,29,056 ~ 17 Lacs+"
66,Baliram Kashyap,Bastar,BJP,"Rs 17,24,715 ~ 17 Lacs+"
67,ARVIND KUMAR CHAUDHARY,Basti,BSP,"Rs 20,90,905 ~ 20 Lacs+"
68,HARSIMRAT KAUR,Bathinda,SAD,"Rs 11,00,204 ~ 11 Lacs+"
69,MUNDE GOPINATHRAO PANDURANG,Beed,BJP,"Rs 19,36,922 ~ 19 Lacs+"
70,Sidhant Mohapatra,Berhampur,BJD,"Rs 16,49,751 ~ 16 Lacs+"
71,JYOTI DHURVE,Betul,BJP,"Rs 8,61,555 ~ 8 Lacs+"
72,GORAKHNATH,Bhadohi,BSP,"Rs 11,88,323 ~ 11 Lacs+"
73,Arjun Charan Sethi,Bhadrak,BJD,"Rs 15,37,869 ~ 15 Lacs+"
74,PATEL PRAFUL MANOHARBHAI,Bhandara-Gondiya,NCP,"Rs 13,41,106 ~ 13 Lacs+"
75,RATAN SINGH,Bharatpur,INC,"Rs 16,09,457 ~ 16 Lacs+"
76,MANSUKHBHAI DHANJIBHAI VASAVA,Bharuch,BJP,"Rs 15,35,399 ~ 15 Lacs+"
77,RAJENDRASINH GHANSHYAMSINH RANA,Bhavnagar,BJP,"Rs 14,43,130 ~ 14 Lacs+"
78,C P JOSHI,Bhilwara,INC,"Rs 7,68,210 ~ 7 Lacs+"
79,ASHOK ARGAL,Bhind,BJP,"Rs 9,42,287 ~ 9 Lacs+"
80,TAWARE SURESH KASHINATH,Bhiwandi,INC,"Rs 14,69,474 ~ 14 Lacs+"
81,SHRUTI CHOUDHRY,Bhiwani-Mahendragarh,INC,"Rs 12,70,746 ~ 12 Lacs+"
82,KAILASH JOSHI,Bhopal,BJP,"Rs 10,44,402 ~ 10 Lacs+"
83,Prasanna Kumar Patasani,Bhubaneswar,BJD,"Rs 9,18,837 ~ 9 Lacs+"
84,Jigajinagi Ramesh Chandappa,Bijapur,BJP,"Rs 6,86,056 ~ 6 Lacs+"
85,SANJAY SINGH CHAUHAN,Bijnor,RLD,"Rs 12,94,228 ~ 12 Lacs+"
86,ARJUN RAM MEGHWAL,Bikaner,BJP,"Rs 10,03,168 ~ 10 Lacs+"
87,Dilip Singh Judev,Bilaspur,BJP,"Rs 19,21,690 ~ 19 Lacs+"
88,SATABDI ROY (BANERJEE),Birbhum,AITC,"Rs 10,97,610 ~ 10 Lacs+"
89,Susmita Bauri,Bishnupur,CPM,"Rs 13,06,006 ~ 13 Lacs+"
90,KALIKESH NARAYAN SINGH DEO,Bolangir,BJD,"Rs 20,01,321 ~ 20 Lacs+"
91,RAM CHANDRA DOME,Bolpur,CPM,"Rs 14,60,806 ~ 14 Lacs+"
92,KAMLESH,Bulandshahr,SP,"Rs 14,90,747 ~ 14 Lacs+"
93,JADHAV PRATAPRAO GANPATRAO,Buldhana,SHS,"Rs 17,62,603 ~ 17 Lacs+"
94,Jagda Nand singh,Buxar,RJD,"Rs 23,28,022 ~ 23 Lacs+"
95,K P Dhanapalan,Chalakudy,INC,"Rs 12,53,299 ~ 12 Lacs+"
96,RAMKISHUN,Chandauli,SP,"Rs 22,95,434 ~ 22 Lacs+"
97,PAWAN KUMAR BANSAL,Chandigarh,INC,"Rs 10,50,870 ~ 10 Lacs+"
98,KAPIL SIBAL,Chandni Chowk,INC,"Rs 12,17,347 ~ 12 Lacs+"
99,AHIR HANSARAJ GANGARAM,Chandrapur,BJP,"Rs 17,83,265 ~ 17 Lacs+"
100,DAYANIDHI MARAN,Chennai Central,DMK,"Rs 5,52,185 ~ 5 Lacs+"
101,ELANGOVAN T.K.S,Chennai North,DMK,"Rs 5,99,420 ~ 5 Lacs+"
102,RAJENDRAN C,Chennai South,ADMK,"Rs 6,39,049 ~ 6 Lacs+"
103,KAMAL NATH,Chhindwara,INC,"Rs 14,99,827 ~ 14 Lacs+"
104,RAMSINHBHAI PATALBHAI RATHAVA,Chhota Udaipur,BJP,"Rs 18,02,274 ~ 18 Lacs+"
105,"THIRUMAAVALAVAN, THOL",Chidambaram,VCK,"Rs 14,98,974 ~ 14 Lacs+"
106,NARAMALLI SIVAPRASAD,Chittoor,TDP,"Rs 16,96,235 ~ 16 Lacs+"
107,GIRIJA VYAS,Chittorgarh,INC,"Rs 13,35,368 ~ 13 Lacs+"
108,RAM SINGH KASWAN,Churu,BJP,"Rs 17,80,366 ~ 17 Lacs+"
109,Nripendra Nath Ray,Coochbehar,AIFB,"Rs 11,67,308 ~ 11 Lacs+"
110,ALAGIRI S,Cuddalore,INC,"Rs 15,83,087 ~ 15 Lacs+"
111,Bhartruhari Mahtab,Cuttack,BJD,"Rs 12,52,710 ~ 12 Lacs+"
112,PATEL NATUBHAI GOMANBHAI,Dadra & Nagar Haveli,BJP,"Rs 6,68,644 ~ 6 Lacs+"
113,PRABHABEN KISHORESINH TAVIAD,Dahod,INC,"Rs 14,94,431 ~ 14 Lacs+"
114,LALUBHAI PATEL,Daman & Diu,BJP,"Rs 6,70,118 ~ 6 Lacs+"
115,SHIVRAJ BHAIYA,Damoh,BJP,"Rs 16,41,086 ~ 16 Lacs+"
116,Jaswant Singh,Darjeeling,BJP,"Rs 11,69,618 ~ 11 Lacs+"
117,KIRODI LAL,Dausa,IND,"Rs 20,05,643 ~ 20 Lacs+"
118,Siddeswara.G.M,Davanagere,BJP,"Rs 18,53,805 ~ 18 Lacs+"
119,GORAKH PRASAD JAISWAL,Deoria,BSP,"Rs 19,86,126 ~ 19 Lacs+"
120,SAJJAN SINGH VERMA,Dewas,INC,"Rs 10,68,001 ~ 10 Lacs+"
121,GAJENDRASINGH RAJUKHEDI,Dhar,INC,"Rs 19,56,209 ~ 19 Lacs+"
122,KUNWAR JITIN PRASAD,Dhaurahra,INC,"Rs 15,62,712 ~ 15 Lacs+"
123,Tathagata Satpathy,Dhenkanal,BJD,"Rs 13,69,664 ~ 13 Lacs+"
124,BADRUDDIN AJMAL,Dhubri,AUDF,"Rs 14,88,604 ~ 14 Lacs+"
125,SONAWANE PRATAP NARAYANRAO,Dhule,BJP,"Rs 13,92,254 ~ 13 Lacs+"
126,SOMENDRA NATH MITRA,Diamond Harbour,AITC,"Rs 15,18,890 ~ 15 Lacs+"
127,SRI PABAN SINGH GHATOWAR,Dibrugarh,INC,"Rs 15,55,334 ~ 15 Lacs+"
128,CHITTHAN N S V,Dindigul,INC,"Rs 9,41,188 ~ 9 Lacs+"
129,CHAVAN HARISHCHANDRA DEORAM,Dindori,BJP,"Rs 10,67,164 ~ 10 Lacs+"
130,SAUGATA RAY,Dum Dum,AITC,"Rs 19,29,495 ~ 19 Lacs+"
131,SHIBU SOREN,Dumka,JMM,"Rs 16,38,738 ~ 16 Lacs+"
132,SAROJ PANDEY,Durg,BJP,"Rs 11,23,933 ~ 11 Lacs+"
133,SANDEEP DIKSHIT,East Delhi,INC,"Rs 14,97,619 ~ 14 Lacs+"
134,Prof K V Thomas,Ernakulam,INC,"Rs 12,14,541 ~ 12 Lacs+"
135,GANESHAMURTHI.A.,Erode,MDMK,"Rs 9,23,980 ~ 9 Lacs+"
136,KALYAN SINGH,Etah,IND,"Rs 16,53,761 ~ 16 Lacs+"
137,PREMDAS,Etawah,SP,"Rs 57,39,096 ~ 57 Lacs+"
138,NIRMAL KHATRI,Faizabad,INC,"Rs 19,72,135 ~ 19 Lacs+"
139,AVTAR SINGH BHADANA,Faridabad,INC,"Rs 12,41,268 ~ 12 Lacs+"
140,PARAMJIT KAUR GULSHAN,Faridkot,SAD,"Rs 11,47,740 ~ 11 Lacs+"
141,SALMAN KHURSHEED,Farrukhabad,INC,"Rs 11,20,292 ~ 11 Lacs+"
142,SUKHDEV SINGH,Fatehgarh Sahib,INC,"Rs 8,55,117 ~ 8 Lacs+"
143,RAKESH SACHAN,Fatehpur,SP,"Rs 22,93,831 ~ 22 Lacs+"
144,SEEMA UPADHAYAY,Fatehpur Sikri,BSP,"Rs 15,85,675 ~ 15 Lacs+"
145,AKHILESH YADAV,Firozabad,SP,"Rs 24,75,723 ~ 24 Lacs+"
146,SHER SINGH GHUBAYA,Firozpur,SAD,"Rs 16,82,358 ~ 16 Lacs+"
147,KOWASE MAROTRAO SAINUJI,Gadchiroli-Chimur,INC,"Rs 16,73,889 ~ 16 Lacs+"
148,LALKRISHNA KISHANCHAND ADVANI,Gandhinagar,BJP,"Rs 14,65,906 ~ 14 Lacs+"
149,BHARAT RAM MEGHWAL,Ganganagar,INC,"Rs 18,93,356 ~ 18 Lacs+"
150,SATPAL MAHARAJ,Garhwal,INC,"Rs 17,25,916 ~ 17 Lacs+"
151,BIJOYA CHAKRAVARTY,Gauhati,BJP,"Rs 16,03,292 ~ 16 Lacs+"
152,SURENDRA SINGH NAGAR,Gautam Budhha Nagar,BSP,"Rs 16,60,384 ~ 16 Lacs+"
153,Gurudas Dasgupta,Ghatal,CPI,"Rs 12,62,689 ~ 12 Lacs+"
154,RAJNATH SINGH,Ghaziabad,BJP,"Rs 17,33,961 ~ 17 Lacs+"
155,NISHIKANT DUBEY,Godda,BJP,"Rs 11,93,250 ~ 11 Lacs+"
156,BENI PRASAD VERMA,Gonda,INC,"Rs 11,77,485 ~ 11 Lacs+"
157,ADITYA NATH,Gorakhpur,BJP,"Rs 14,50,320 ~ 14 Lacs+"
158,JYOTIRADITYA MADHAVRAO SCINDIA,Guna,INC,"Rs 13,79,878 ~ 13 Lacs+"
159,SAMBASIVA RAO RAYAPATI,Guntur,INC,"Rs 12,41,084 ~ 12 Lacs+"
160,PARTAP SINGH BAJWA,Gurdaspur,INC,"Rs 11,60,562 ~ 11 Lacs+"
161,INDERJIT SINGH,Gurgaon,INC,"Rs 13,34,866 ~ 13 Lacs+"
162,YASHODHARA RAJE SCINDIA,Gwalior,BJP,"Rs 11,61,009 ~ 11 Lacs+"
163,ANURAG SINGH THAKUR,Hamirpur,BJP,"Rs 12,17,050 ~ 12 Lacs+"
164,VIJAY BAHADUR SINGH,Hamirpur,BSP,"Rs 16,92,822 ~ 16 Lacs+"
165,USHA VERMA,Hardoi,SP,"Rs 13,24,205 ~ 13 Lacs+"
166,HARISH RAWAT,Hardwar,INC,"Rs 18,07,928 ~ 18 Lacs+"
167,H. D. Devegowda,Hassan,JD(S),"Rs 13,54,693 ~ 13 Lacs+"
168,SARIKA SINGH,Hathras,RLD,"Rs 15,35,094 ~ 15 Lacs+"
169,SHETTI RAJU ALIAS DEVAPPA ANNA,Hatkanangle,SWP,"Rs 18,42,778 ~ 18 Lacs+"
170,SHIVAKUMAR CHANNABASAPPA UDASI,Haveri,BJP,"Rs 15,33,635 ~ 15 Lacs+"
171,YASHWANT SINHA,Hazaribagh,BJP,"Rs 16,89,442 ~ 16 Lacs+"
172,SUBHASH BAPURAO WANKHEDE,Hingoli,SHS,"Rs 17,51,123 ~ 17 Lacs+"
173,BHAJAN LAL,Hisar,HJCBL,"Rs 11,59,698 ~ 11 Lacs+"
174,RATNA DE,Hooghly,AITC,"Rs 12,10,703 ~ 12 Lacs+"
175,UDAY PRATAP SINGH,Hoshangabad,INC,"Rs 14,21,282 ~ 14 Lacs+"
176,SANTOSH CHOWDHARY,Hoshiarpur,INC,"Rs 12,45,461 ~ 12 Lacs+"
177,AMBICA BANERJEE,Howrah,AITC,"Rs 14,22,006 ~ 14 Lacs+"
178,Adv P T Thomas,Idukki,INC,"Rs 20,25,249 ~ 20 Lacs+"
179,SUMITRA MAHAJAN (TAI),Indore,BJP,"Rs 8,94,544 ~ 8 Lacs+"
180,DR. THOKCHOM MEINYA,Inner Manipur,INC,"Rs 13,89,610 ~ 13 Lacs+"
181,RAKESH SINGH,Jabalpur,BJP,"Rs 12,81,972 ~ 12 Lacs+"
182,KABIR SUMAN,Jadavpur,AITC,"Rs 16,43,805 ~ 16 Lacs+"
183,Bibhu Prasad Tarai,Jagatsinghpur,CPI,"Rs 9,87,132 ~ 9 Lacs+"
184,Jagdis Sharma,Jahanabad,JD(U),"Rs 14,84,266 ~ 14 Lacs+"
185,MAHESH JOSHI,Jaipur,INC,"Rs 14,28,014 ~ 14 Lacs+"
186,LAL CHAND KATARIA,Jaipur Rural,INC,"Rs 14,00,570 ~ 14 Lacs+"
187,Mohan Jena,Jajpur,BJD,"Rs 15,35,239 ~ 15 Lacs+"
188,MOHINDER SINGH KAYPEE,Jalandhar,INC,"Rs 15,83,439 ~ 15 Lacs+"
189,GHANSYAM ANURAGI,Jalaun,SP,"Rs 19,19,879 ~ 19 Lacs+"
190,A.T. NANA PATIL,Jalgaon,BJP,"Rs 14,74,623 ~ 14 Lacs+"
191,DANVE RAOSAHEB DADARAO,Jalna,BJP,"Rs 13,62,636 ~ 13 Lacs+"
192,DEV JI PATEL,Jalore,BJP,"Rs 19,23,250 ~ 19 Lacs+"
193,Mahendra Kumar Roy,Jalpaiguri,CPM,"Rs 10,91,790 ~ 10 Lacs+"
194,MADAN LAL SHARMA,Jammu,INC,"Rs 8,08,196 ~ 8 Lacs+"
195,VIKRAMBHAI ARJANBHAI MADAM,Jamnagar,INC,"Rs 10,93,075 ~ 10 Lacs+"
196,BHUDEO CHOUDHARY,Jamui,JD(U),"Rs 17,95,831 ~ 17 Lacs+"
197,PRANAB MUKHERJEE,Jangipur,INC,"Rs 21,39,408 ~ 21 Lacs+"
198,DHANANJAY SINGH,Jaunpur,BSP,"Rs 21,53,829 ~ 21 Lacs+"
199,DR. TARUN MONDAL,Jaynagar,IND,"Rs 5,87,558 ~ 5 Lacs+"
200,DUSHYANT SINGH,Jhalawar-Baran,BJP,"Rs 21,55,829 ~ 21 Lacs+"
201,PRADEEP KUMAR JAIN,Jhansi,INC,"Rs 12,70,875 ~ 12 Lacs+"
202,Pulin Bihari Baske,Jhargram,CPM,"Rs 5,02,811 ~ 5 Lacs+"
203,SHEESHRAM OLA,Jhunjhunu,INC,"Rs 8,59,184 ~ 8 Lacs+"
204,CHANDRESH KUMARI,Jodhpur,INC,"Rs 14,11,442 ~ 14 Lacs+"
205,BIJOY KRISHNA HANDIQUE,Jorhat,INC,"Rs 13,96,081 ~ 13 Lacs+"
206,DINUBHAI BOGHABHAI SOLANKI,Junagadh,BJP,"Rs 19,81,234 ~ 19 Lacs+"
207,POONAMBEN VELJIBHAI JAT,Kachchh,BJP,"Rs 13,48,747 ~ 13 Lacs+"
208,TABASSUM BEGAM,Kairana,BSP,"Rs 9,72,643 ~ 9 Lacs+"
209,BRIJBHUSHAN SARAN SINGH,Kaiserganj,SP,"Rs 23,18,057 ~ 23 Lacs+"
210,Bhakta Charan Das,Kalahandi,INC,"Rs 14,38,107 ~ 14 Lacs+"
211,DIP GOGOI,Kaliabor,INC,"Rs 22,08,612 ~ 22 Lacs+"
212,SANKAR ADHI,Kallakurichi,DMK,"Rs 6,48,229 ~ 6 Lacs+"
213,ANAND PRAKASH PARANJAPE,Kalyan,SHS,"Rs 18,44,939 ~ 18 Lacs+"
214,VISWANATHAN.P,Kancheepuram,INC,"Rs 9,47,445 ~ 9 Lacs+"
215,Rudra Madhab Ray,Kandhamal,BJD,"Rs 11,88,799 ~ 11 Lacs+"
216,DR. RAJAN SUSHANT,Kangra,BJP,"Rs 8,18,572 ~ 8 Lacs+"
217,Sohan Potai,Kanker,BJP,"Rs 17,14,997 ~ 17 Lacs+"
218,AKHILESH YADAV,Kannauj,SP,"Rs 26,73,865 ~ 26 Lacs+"
219,HELEN DAVIDSON J,Kanniyakumari,DMK,"Rs 8,70,980 ~ 8 Lacs+"
220,K Sudhakaran Kavinte Arikathu,Kannur,INC,"Rs 20,01,133 ~ 20 Lacs+"
221,SRI PRAKASH JAISWAL,Kanpur,INC,"Rs 18,41,506 ~ 18 Lacs+"
222,ADHIKARI SISIR KUMAR,Kanthi,AITC,"Rs 9,80,791 ~ 9 Lacs+"
223,Mahabali Singh,Karakat,JD(U),"Rs 10,83,892 ~ 10 Lacs+"
224,KHILADI LAL BAIRWA,Karauli-Dholpur,INC,"Rs 18,02,262 ~ 18 Lacs+"
225,Lalit Mohan Suklabaidya,Karimganj,INC,"Rs 12,05,529 ~ 12 Lacs+"
226,ARVIND KUMAR SHARMA,Karnal,INC,"Rs 18,88,418 ~ 18 Lacs+"
227,TAMBIDURAI.M,Karur,ADMK,"Rs 5,15,575 ~ 5 Lacs+"
228,P.Karunakaran,Kasaragod,CPM,"Rs 12,76,625 ~ 12 Lacs+"
229,SHAILENDRA KUMAR,Kaushambi,SP,"Rs 17,67,808 ~ 17 Lacs+"
230,Baijayant Panda,Kendrapara,BJD,"Rs 14,86,415 ~ 14 Lacs+"
231,Yashbanta Narayan Singh Laguri,Keonjhar,BJD,"Rs 24,97,207 ~ 24 Lacs+"
232,DR. RATTAN SINGH AJNALA,Khadoor Sahib,SAD,"Rs 12,32,427 ~ 12 Lacs+"
233,JEETENDRA SINGH,Khajuraho,BJP,"Rs 13,39,298 ~ 13 Lacs+"
234,ARUN SUBHASHCHANDRA YADAV,Khandwa,INC,"Rs 16,11,237 ~ 16 Lacs+"
235,MAKNSINGH SOLANKI (BABUJI),Khargone,BJP,"Rs 11,03,222 ~ 11 Lacs+"
236,DINSHA ZAVARBHAI PATEL,Kheda,INC,"Rs 4,54,374 ~ 4 Lacs+"
237,ZAFAR ALI NAQVI,Kheri,INC,"Rs 13,80,047 ~ 13 Lacs+"
238,KARIYA MUNDA,Khunti,BJP,"Rs 22,81,321 ~ 22 Lacs+"
239,MOHAMMAD ASRARUL HAQUE,Kishanganj,INC,"Rs 16,34,991 ~ 16 Lacs+"
240,Babu Lal Marandi,Kodarma,JVM,"Rs 22,90,467 ~ 22 Lacs+"
241,SANSUMA KHUNGGUR BWISWMUTHIARY,Kokrajhar,BOPF,"Rs 22,44,048 ~ 22 Lacs+"
242,SADASHIVRAO MANDLIK DADOBA,Kolhapur,IND,"Rs 10,61,023 ~ 10 Lacs+"
243,MAMATA BANERJEE,Kolkata Dakshin,AITC,"Rs 18,01,070 ~ 18 Lacs+"
244,SUDIP BANDYOPADHYAY,Kolkata Uttar,AITC,"Rs 17,21,663 ~ 17 Lacs+"
245,N Peethambarakurup,Kollam,INC,"Rs 20,12,292 ~ 20 Lacs+"
246,Shivaramgouda,Koppal,BJP,"Rs 18,65,093 ~ 18 Lacs+"
247,Jayaram Pangi,Koraput,BJD,"Rs 6,92,312 ~ 6 Lacs+"
248,Charandas Mahant,Korba,INC,"Rs 15,40,117 ~ 15 Lacs+"
249,IJYARAJ SINGH,Kota,INC,"Rs 14,70,786 ~ 14 Lacs+"
250,Jose K Mani,Kottayam,KEC(M),"Rs 16,78,839 ~ 16 Lacs+"
251,M K Raghavan,Kozhikode,INC,"Rs 10,10,670 ~ 10 Lacs+"
252,SUGAVANAM. E.G.,Krishnagiri,DMK,"Rs 11,30,002 ~ 11 Lacs+"
253,TAPAS PAUL,Krishnanagar,AITC,"Rs 15,41,300 ~ 15 Lacs+"
254,NAVEEN JINDAL,Kurukshetra,INC,"Rs 17,92,285 ~ 17 Lacs+"
255,KU. RATANJEET PRATAP NARAYAN SINGH,Kushi Nagar,INC,"Rs 13,79,672 ~ 13 Lacs+"
256,HASSAN KHAN,Ladakh,IND,"Rs 3,97,550 ~ 3 Lacs+"
257,RANEE NARAH,Lakhimpur,INC,"Rs 15,78,937 ~ 15 Lacs+"
258,Muhammed Hamdulla Sayeed A.B.,Lakshadweep,INC,"Rs 2,02,226 ~ 2 Lacs+"
259,DR. BALIRAM,Lalganj,BSP,"Rs 17,86,846 ~ 17 Lacs+"
260,AAWALE JAYWANT GANGARAM,Latur,INC,"Rs 23,16,213 ~ 23 Lacs+"
261,Sudershan Bhagat,Lohardaga,BJP,"Rs 21,06,156 ~ 21 Lacs+"
262,LAL JI TANDON,Lucknow,BJP,"Rs 16,51,350 ~ 16 Lacs+"
263,MANISH TEWARI,Ludhiana,INC,"Rs 18,47,705 ~ 18 Lacs+"
264,TUFANI SAROJ,Machhlishahr,SP,"Rs 13,51,016 ~ 13 Lacs+"
265,PAWAR SHARADCHANDRA GOVINDRAO,Madha,NCP,"Rs 19,09,633 ~ 19 Lacs+"
266,SHARAD YADAV,Madhepura,JD(U),"Rs 15,89,031 ~ 15 Lacs+"
267,ALAGIRI M.K,Madurai,DMK,"Rs 14,13,692 ~ 14 Lacs+"
268,P. BALRAM,Mahabubabad,INC,"Rs 12,58,657 ~ 12 Lacs+"
269,HARSH VARDHAN,Maharajganj,INC,"Rs 10,45,822 ~ 10 Lacs+"
270,Chandulal Sahu (Chandu Bhaiya),Mahasamund,BJP,"Rs 13,88,829 ~ 13 Lacs+"
271,JAYSHREEBEN KANUBHAI PATEL,Mahesana,BJP,"Rs 16,70,850 ~ 16 Lacs+"
272,Abu Hasem Khan Choudhury,Maldaha Dakshin,INC,"Rs 15,97,521 ~ 15 Lacs+"
273,Mausam Noor,Maldaha Uttar,INC,"Rs 14,00,841 ~ 14 Lacs+"
274,VIRBHADRA SINGH,Mandi,INC,"Rs 14,84,987 ~ 14 Lacs+"
275,BASORI SINGH MASRAM,Mandla,INC,"Rs 17,34,616 ~ 17 Lacs+"
276,MEENAKSHI NATRAJAN,Mandsour,INC,"Rs 14,78,951 ~ 14 Lacs+"
277,N Chaluvarayaswamy,Mandya,JD(S),"Rs 17,25,324 ~ 17 Lacs+"
278,RAMEN DEKA,Mangaldoi,BJP,"Rs 18,27,650 ~ 18 Lacs+"
279,JAYANT K SINGH,Mathura,RLD,"Rs 19,64,153 ~ 19 Lacs+"
280,CHOUDHURY MOHAN JATUA,Mathurapur,AITC,"Rs 6,51,097 ~ 6 Lacs+"
281,BABAR GAJANAN DHARMSHI,Maval,SHS,"Rs 16,67,211 ~ 16 Lacs+"
282,Kodikunnil Suresh,Mavelikkara,INC,"Rs 12,06,050 ~ 12 Lacs+"
283,MANIAN O.S,Mayiladuthurai,ADMK,"Rs 16,10,540 ~ 16 Lacs+"
284,Laxman Tudu,Mayurbhanj,BJD,"Rs 9,91,512 ~ 9 Lacs+"
285,Prabodh Panda,Medinipur,CPI,"Rs 11,61,022 ~ 11 Lacs+"
286,RAJENDRA AGARWAL,Meerut,BJP,"Rs 13,02,914 ~ 13 Lacs+"
287,BAL KUMAR PATEL,Mirzapur,SP,"Rs 11,34,920 ~ 11 Lacs+"
288,C.L.RUALA,Mizoram,INC,"Rs 2,40,816 ~ 2 Lacs+"
289,SUSHILA SAROJ,Mohanlalganj,SP,"Rs 17,86,045 ~ 17 Lacs+"
290,MOHAMMED AZHARUDDIN,Moradabad,INC,"Rs 17,56,278 ~ 17 Lacs+"
291,NARENDRA SINGH TOMAR,Morena,BJP,"Rs 11,12,924 ~ 11 Lacs+"
292,SANJAY BRIJKISHORLAL NIRUPAM,Mumbai North,INC,"Rs 14,63,758 ~ 14 Lacs+"
293,DUTT PRIYA SUNIL,Mumbai North Central,INC,"Rs 14,71,358 ~ 14 Lacs+"
294,SANJAY DINA PATIL,Mumbai North East,NCP,"Rs 12,80,064 ~ 12 Lacs+"
295,AD.KAMAT GURUDAS VASANT,Mumbai North West,INC,"Rs 11,51,222 ~ 11 Lacs+"
296,DEORA MILIND MURLI,Mumbai South,INC,"Rs 10,63,229 ~ 10 Lacs+"
297,EKNATH M. GAIKWAD,Mumbai South Central,INC,"Rs 12,75,226 ~ 12 Lacs+"
298,RAJIV RANJAN SINGH ALIAS LALAN SINGH,Munger,JD(U),"Rs 18,04,704 ~ 18 Lacs+"
299,ABDUL MANNAN HOSSAIN,Murshidabad,INC,"Rs 12,85,460 ~ 12 Lacs+"
300,KADEER RANA,Muzaffarnagar,BSP,"Rs 11,56,040 ~ 11 Lacs+"
301,ADAGUR H. VISWANATH,Mysore,INC,"Rs 15,87,295 ~ 15 Lacs+"
302,Pradeep Kumar Majhi,Nabarangpur,INC,"Rs 7,97,695 ~ 7 Lacs+"
303,C.M. CHANG,Nagaland,NPF,"Rs 1,31,432 ~ 1 Lacs+"
304,VIJAYAN A K S,Nagapattinam,DMK,"Rs 17,25,895 ~ 17 Lacs+"
305,DR JYOTI MIRDHA,Nagaur,INC,"Rs 12,73,931 ~ 12 Lacs+"
306,YASHVIR SINGH,Nagina,SP,"Rs 20,98,107 ~ 20 Lacs+"
307,MUTTEMWAR VILASRAO BABURAOJI,Nagpur,INC,"Rs 17,40,208 ~ 17 Lacs+"
308,K.C. SINGH BABA,Nainital-Udhamsingh Nagar,INC,"Rs 22,37,714 ~ 22 Lacs+"
309,KAUSHALENDRA KUMAR,Nalanda,JD(U),"Rs 19,56,675 ~ 19 Lacs+"
310,GANDHISELVAN.S,Namakkal,DMK,"Rs 3,24,105 ~ 3 Lacs+"
311,KHATGAONK PATIL BHASKARRAO BAPURAO,Nanded,INC,"Rs 20,14,275 ~ 20 Lacs+"
312,VENUGOPALA REDDY MODUGULA,Narasaraopet,TDP,"Rs 15,21,093 ~ 15 Lacs+"
313,SAMEER BHUJBAL,Nashik,NCP,"Rs 21,99,595 ~ 21 Lacs+"
314,CHANDRAKANT RAGHUNATH PATIL,Navsari,BJP,"Rs 17,02,229 ~ 17 Lacs+"
315,RAJA A,Nilgiris,DMK,"Rs 20,75,347 ~ 20 Lacs+"
316,Madhu Yaskhi Goud,Nizamabad,INC,"Rs 13,76,003 ~ 13 Lacs+"
317,SHRIPAD YESSO NAIK,North Goa,BJP,"Rs 9,28,846 ~ 9 Lacs+"
318,RAJEN GOHAIN,Nowgong,BJP,"Rs 19,32,738 ~ 19 Lacs+"
319,PATIL PADAMSINHA BAJIRAO,Osmanabad,NCP,"Rs 20,45,000 ~ 20 Lacs+"
320,THANGSO BAITE,Outer Manipur,INC,"Rs 7,23,242 ~ 7 Lacs+"
321,JADHAV BALIRAM SUKUR,Palghar,BVA,"Rs 10,69,653 ~ 10 Lacs+"
322,BADRI RAM,Pali,INC,"Rs 13,09,655 ~ 13 Lacs+"
323,PRABHATSINH PRATAPSINH CHAUHAN,Panchmahal,BJP,"Rs 14,30,397 ~ 14 Lacs+"
324,ADV. DUDHGAONKAR GANESHRAO NAGORAO,Parbhani,SHS,"Rs 13,58,692 ~ 13 Lacs+"
325,DR. SANJAY JAISWAL,Paschim Champaran,BJP,"Rs 21,15,647 ~ 21 Lacs+"
326,JAGDISHBHAI MOTIJI THAKORE,Patan,INC,"Rs 18,25,191 ~ 18 Lacs+"
327,Anto Antony,Pathanamthitta,INC,"Rs 17,31,926 ~ 17 Lacs+"
328,PRENEET KAUR,Patiala,INC,"Rs 14,38,708 ~ 14 Lacs+"
329,"NAPOLEON,D.",Perambalur,DMK,"Rs 14,75,188 ~ 14 Lacs+"
330,KAPIL MUNI KARWARIYA,Phulpur,BSP,"Rs 16,38,746 ~ 16 Lacs+"
331,FEROZE VARUN GANDHI,Pilibhit,BJP,"Rs 17,78,475 ~ 17 Lacs+"
332,VITTHALBHAI HANSRAJBHAI RADADIYA,Porbandar,INC,"Rs 20,10,851 ~ 20 Lacs+"
333,RAJKUMARI RATNA SINGH,Pratapgarh,INC,"Rs 21,01,388 ~ 21 Lacs+"
334,Pinaki Misra,Puri,BJD,"Rs 8,71,753 ~ 8 Lacs+"
335,UDAY SINGH ALIAS PAPPU SINGH,Purnia,BJP,"Rs 8,30,049 ~ 8 Lacs+"
336,Narahari Mahato,Purulia,AIFB,"Rs 16,04,445 ~ 16 Lacs+"
337,RADHA MOHAN SINGH,Purvi Champaran,BJP,"Rs 17,69,711 ~ 17 Lacs+"
338,SONIA GANDHI,Rae bareli,INC,"Rs 12,01,333 ~ 12 Lacs+"
339,ANANT GEETE,Raigad,SHS,"Rs 15,13,192 ~ 15 Lacs+"
340,Deepa Dasmunsi,Raiganj,INC,"Rs 16,13,946 ~ 16 Lacs+"
341,Vishu Deo Sai,Raigarh,BJP,"Rs 14,43,034 ~ 14 Lacs+"
342,Ramesh Bais,Raipur,BJP,"Rs 19,46,417 ~ 19 Lacs+"
343,NARAYANSINGH AMLABE,Rajgarh,INC,"Rs 20,90,485 ~ 20 Lacs+"
344,KUNVARJIBHAI MOHANBHAI BAVALIYA,Rajkot,INC,"Rs 13,83,907 ~ 13 Lacs+"
345,Madhusudan Yadav,Rajnandgaon,BJP,"Rs 18,54,221 ~ 18 Lacs+"
346,GOPAL SINGH,Rajsamand,INC,"Rs 5,10,778 ~ 5 Lacs+"
347,SIVAKUMAR @ J.K. RITHEESH. K,Ramanathapuram,DMK,"Rs 19,96,105 ~ 19 Lacs+"
348,JAYA PRADA NAHATA,Rampur,SP,"Rs 13,20,110 ~ 13 Lacs+"
349,WASNIK MUKUL BALKRISHNA,Ramtek,INC,"Rs 14,10,679 ~ 14 Lacs+"
350,SUCHARU RANJAN HALDAR,Ranaghat,AITC,"Rs 21,78,194 ~ 21 Lacs+"
351,SUBODH KANT SAHAY,Ranchi,INC,"Rs 19,18,174 ~ 19 Lacs+"
352,KANTILAL BHURIA,Ratlam,INC,"Rs 16,22,386 ~ 16 Lacs+"
353,DR.NILESH NARAYAN RANE,Ratnagiri Sindhudurg,INC,"Rs 22,65,347 ~ 22 Lacs+"
354,HARIBHAU MADHAV JAWALE,Raver,BJP,"Rs 14,36,404 ~ 14 Lacs+"
355,DEORAJ SINGH PATEL,Rewa,BSP,"Rs 18,35,146 ~ 18 Lacs+"
356,PAKAURI LAL,Robertsganj,SP,"Rs 13,64,551 ~ 13 Lacs+"
357,DEEPENDER SINGH,Rohtak,INC,"Rs 14,15,651 ~ 14 Lacs+"
358,MAHENDRASINH PRUTHVISINH CHAUHAN,Sabarkantha,BJP,"Rs 14,34,547 ~ 14 Lacs+"
359,BHUPENDRA SINGH,Sagar,BJP,"Rs 8,67,808 ~ 8 Lacs+"
360,JAGDISH SINGH RANA,Saharanpur,BSP,"Rs 9,46,500 ~ 9 Lacs+"
361,SEMMALAI S,Salem,ADMK,"Rs 7,83,049 ~ 7 Lacs+"
362,RAMASHANKAR RAJBHAR,Salempur,BSP,"Rs 8,74,131 ~ 8 Lacs+"
363,Amarnath Pradhan,Sambalpur,INC,"Rs 9,98,880 ~ 9 Lacs+"
364,DR. SHAFIQUR RAHMAN BARQ,Sambhal,BSP,"Rs 18,79,685 ~ 18 Lacs+"
365,PRATIK PRAKASHBAPU PATIL,Sangli,INC,"Rs 17,80,344 ~ 17 Lacs+"
366,VIJAY INDER SINGLA,Sangrur,INC,"Rs 7,24,530 ~ 7 Lacs+"
367,BHISMA SHANKAR ALIAS KUSHAL TIWARI,Sant Kabir Nagar,BSP,"Rs 4,47,007 ~ 4 Lacs+"
368,BHONSLE SHRIMANT CHH. UDYANRAJE PRATAPSINH,Satara,NCP,"Rs 18,84,788 ~ 18 Lacs+"
369,GANESH SINGH,Satna,BJP,"Rs 18,00,641 ~ 18 Lacs+"
370,RAJESH NANDINI SINGH,Shahdol,INC,"Rs 11,95,195 ~ 11 Lacs+"
371,MITHLESH,Shahjahanpur,SP,"Rs 9,41,436 ~ 9 Lacs+"
372,RAMA DEVI,Sheohar,BJP,"Rs 12,86,704 ~ 12 Lacs+"
373,VINCENT H PALA,Shillong,INC,"Rs 9,82,698 ~ 9 Lacs+"
374,VIRENDER KASHYAP,Shimla,BJP,"Rs 9,00,766 ~ 9 Lacs+"
375,B.Y. RAGHAVENDRA,Shimoga,BJP,"Rs 9,58,583 ~ 9 Lacs+"
376,WAKCHOURE BHAUSAHEB RAJARAM,Shirdi,SHS,"Rs 15,05,938.87 ~ 15 Lacs+"
377,ADHALRAO SHIVAJI DATTATRAY,Shirur,SHS,"Rs 19,11,500 ~ 19 Lacs+"
378,VINAY KUMAR ALIAS VINNU,Shrawasti,INC,"Rs 9,91,118 ~ 9 Lacs+"
379,GOVIND PRASAD MISHRA,Sidhi,BJP,"Rs 12,11,086 ~ 12 Lacs+"
380,MAHADEV SINGH,Sikar,INC,"Rs 16,82,261 ~ 16 Lacs+"
381,Kabindra Purkayastha,Silchar,BJP,"Rs 19,31,725 ~ 19 Lacs+"
382,ASHOK TANWAR,Sirsa,INC,"Rs 17,80,864 ~ 17 Lacs+"
383,ARJUN ROY,Sitamarhi,JD(U),"Rs 16,18,761 ~ 16 Lacs+"
384,KAISAR JAHAN,Sitapur,BSP,"Rs 17,63,489 ~ 17 Lacs+"
385,CHIDAMBARAM P,Sivaganga,INC,"Rs 14,01,919 ~ 14 Lacs+"
386,OmPrakashYadav,Siwan,IND,"Rs 13,41,715 ~ 13 Lacs+"
387,SHINDE SUSHILKUMAR SAMBHAJIRAO,Solapur,INC,"Rs 17,96,770 ~ 17 Lacs+"
388,JITENDER SINGH,Sonipat,INC,"Rs 10,54,980 ~ 10 Lacs+"
389,RAMESH KUMAR,South Delhi,INC,"Rs 18,63,464 ~ 18 Lacs+"
390,COSME FRANCISCO CAITANO SARDINHA,South Goa,INC,"Rs 10,30,814 ~ 10 Lacs+"
391,KALYAN BANERJEE,Sreerampur,AITC,"Rs 9,07,777 ~ 9 Lacs+"
392,FAROOQ ABDULLAH,Srinagar,JKN,"Rs 11,33,551 ~ 11 Lacs+"
393,BAALU T R,Sriperumbudur,DMK,"Rs 5,21,150 ~ 5 Lacs+"
394,DR.SANJAY SINGH,Sultanpur,INC,"Rs 10,43,965 ~ 10 Lacs+"
395,HEMANAND BISWAL,Sundargarh,INC,"Rs 16,09,358 ~ 16 Lacs+"
396,VISHWA MOHAN KUMAR,Supaul,JD(U),"Rs 21,91,979 ~ 21 Lacs+"
397,DARSNABEN VIKRAMBHAI JARDOS,Surat,BJP,"Rs 12,87,682 ~ 12 Lacs+"
398,SOMABHAI GANDABHAI KOLIPATEL,Surendranagar,INC,"Rs 10,40,901 ~ 10 Lacs+"
399,ADHIKARI SUVENDU,Tamluk,AITC,"Rs 12,74,375 ~ 12 Lacs+"
400,VIJAY BAHUGUNA,Tehri Garhwal,INC,"Rs 15,32,942 ~ 15 Lacs+"
401,LINGAM P,Tenkasi,CPI,"Rs 18,65,365 ~ 18 Lacs+"
402,JOSEPH TOPPO,Tezpur,AGP,"Rs 18,97,448 ~ 18 Lacs+"
403,DR.SANJEEV GANESH NAIK,Thane,NCP,"Rs 21,04,048 ~ 21 Lacs+"
404,PALANIMANICKAM.S.S,Thanjavur,DMK,"Rs 8,16,690 ~ 8 Lacs+"
405,AARON RASHID.J.M,Theni,INC,"Rs 4,61,540 ~ 4 Lacs+"
406,Shashi Tharoor,Thiruvananthapuram,INC,"Rs 18,59,879 ~ 18 Lacs+"
407,JEYADURAI S R,Thoothukkudi,DMK,"Rs 12,56,316 ~ 12 Lacs+"
408,P C Chacko,Thrissur,INC,"Rs 16,60,856 ~ 16 Lacs+"
409,VIRENDRA KUMAR,Tikamgarh,BJP,"Rs 16,39,677 ~ 16 Lacs+"
410,KUMAR.P,Tiruchirappalli,ADMK,"Rs 20,04,991 ~ 20 Lacs+"
411,RAMASUBBU S,Tirunelveli,INC,"Rs 20,12,739 ~ 20 Lacs+"
412,SIVASAMI C,Tiruppur,ADMK,"Rs 3,09,712 ~ 3 Lacs+"
413,VENUGOPAL.P,Tiruvallur,ADMK,"Rs 12,81,256 ~ 12 Lacs+"
414,VENUGOPAL.D,Tiruvannamalai,DMK,"Rs 17,55,703 ~ 17 Lacs+"
415,NAMO NARAYAN,Tonk-Sawai Madhopur,INC,"Rs 21,90,379 ~ 21 Lacs+"
416,BAJU BAN RIYAN,Tripura East,CPM,"Rs 20,19,184 ~ 20 Lacs+"
417,KHAGEN DAS,Tripura West,CPM,"Rs 17,40,286 ~ 17 Lacs+"
418,G.S. BASAVARAJU,Tumkur,BJP,"Rs 9,67,068 ~ 9 Lacs+"
419,AGATHA K. SANGMA,Tura,NCP,"Rs 16,94,562 ~ 16 Lacs+"
420,Raghuveer singh,Udaipur,INC,"Rs 15,66,128 ~ 15 Lacs+"
421,CH. LAL SINGH,Udhampur,INC,"Rs 14,82,694 ~ 14 Lacs+"
422,D.V.Sadananda Gowda,Udupi Chikmagalur,BJP,"Rs 14,99,820 ~ 14 Lacs+"
423,GUDDU PREMCHAND,Ujjain,INC,"Rs 17,65,366 ~ 17 Lacs+"
424,SULTAN AHMED,Uluberia,AITC,"Rs 20,12,821 ~ 20 Lacs+"
425,ANNUTANDON,Unnao,INC,"Rs 16,60,262 ~ 16 Lacs+"
426,Ananthkumar Hegde,Uttara Kannada,BJP,"Rs 12,55,616 ~ 12 Lacs+"
427,Mullappally Ramachandran,Vadakara,INC,"Rs 12,69,623 ~ 12 Lacs+"
428,BALKRISHNA KHANDERAO SHUKLA,Vadodara,BJP,"Rs 17,76,632 ~ 17 Lacs+"
429,BAIDYANATH PRASAD MAHTO,Valmiki Nagar,JD(U),"Rs 22,04,239 ~ 22 Lacs+"
430,KISANBHAI VESTABHAI PATEL,Valsad,INC,"Rs 12,99,760 ~ 12 Lacs+"
431,DR. MURLI MANOHAR JOSHI,Varanasi,BJP,"Rs 18,66,940 ~ 18 Lacs+"
432,ABDULRAHMAN,Vellore,DMK,"Rs 14,80,724 ~ 14 Lacs+"
433,SUSHMA SWARAJ,Vidisha,BJP,"Rs 8,92,957 ~ 8 Lacs+"
434,ANANDAN M,Viluppuram,ADMK,"Rs 12,49,460 ~ 12 Lacs+"
435,Rajaiah Siricilla,Warangal,INC,"Rs 17,14,478 ~ 17 Lacs+"
436,M I Shanavas,Wayanad,INC,"Rs 15,80,237 ~ 15 Lacs+"
437,BHAVANA GAWALI (PATIL),Yavatmal-Washim,SHS,"Rs 16,64,688 ~ 16 Lacs+"
